date,pce_price_index,core_pce_price_index,fed_funds_rate,real_gdp_growth_annualized_qoq,ust_10y_yield,ust_2y_yield,yield_curve_10y_2y,unemployment_rate,nonfarm_payrolls,consumer_sentiment,wti_oil_price,initial_jobless_claims,housing_starts,baa_corp_spread_10y,nfci,pce_inflation_yoy_pct,core_pce_inflation_yoy_pct,nonfarm_payrolls_mom_change,nonfarm_payrolls_3m_avg_change,wti_oil_yoy_pct
2006-01-31,83.534,83.145,4.29,,4.42,4.4,0.02,4.7,135427,91.2,65.49,295750,2273.0,1.82,-0.58675,,,,,
2006-02-28,83.584,83.279,4.49,,4.57,4.67,-0.1,4.8,135733,86.7,61.63,290750,2119.0,1.7,-0.62507,,,306.0,,
2006-03-31,83.746,83.509,4.59,5.5,4.72,4.73,-0.01,4.7,136038,88.9,62.69,301750,1969.0,1.69,-0.63258,,,305.0,,
2006-04-30,84.135,83.764,4.79,5.5,4.99,4.89,0.1,4.7,136210,87.4,69.44,303600,1821.0,1.69,-0.62344,,,172.0,261.0,
2006-05-31,84.361,83.974,4.94,5.5,5.11,4.97,0.14,4.6,136249,79.1,70.84,332750,1942.0,1.64,-0.6,,,39.0,172.0,
2006-06-30,84.569,84.186,4.99,1.0,5.11,5.12,-0.02,4.6,136337,84.9,70.95,305500,1802.0,1.67,-0.54592,,,88.0,99.66666666666667,
2006-07-31,84.858,84.268,5.24,1.0,5.09,5.12,-0.03,4.7,136529,84.7,74.41,318800,1737.0,1.67,-0.54318,,,192.0,106.33333333333333,
2006-08-31,85.125,84.44,5.25,1.0,4.88,4.9,-0.03,4.7,136692,82.0,73.04,314250,1650.0,1.71,-0.59035,,,163.0,147.66666666666666,
2006-09-30,84.902,84.573,5.25,0.6,4.72,4.77,-0.05,4.5,136826,85.4,63.8,316200,1720.0,1.71,-0.60609,,,134.0,163.0,
2006-10-31,84.702,84.726,5.25,0.6,4.73,4.8,-0.07,4.4,136843,93.6,58.89,315500,1491.0,1.69,-0.61893,,,17.0,104.66666666666667,
2006-11-30,84.731,84.766,5.25,0.6,4.6,4.74,-0.15,4.5,137060,92.1,59.08,326250,1570.0,1.6,-0.63125,,,217.0,122.66666666666667,
2006-12-31,85.032,84.88,5.24,3.5,4.56,4.67,-0.11,4.4,137249,91.7,61.96,324000,1649.0,1.66,-0.62581,,,189.0,141.0,
2007-01-31,85.316,85.224,5.25,3.5,4.76,4.88,-0.12,4.6,137472,96.9,54.51,317250,1409.0,1.58,-0.66484,2.133263102449301,2.500451019303629,223.0,209.66666666666666,-16.765918460833706
2007-02-28,85.581,85.408,5.26,3.5,4.72,4.85,-0.13,4.5,137560,91.3,59.28,322750,1480.0,1.56,-0.67634,2.389213246554367,2.556466816364278,88.0,166.66666666666666,-3.813078046405971
2007-03-31,85.894,85.494,5.26,1.2,4.56,4.57,-0.01,4.4,137784,88.4,60.44,309400,1495.0,1.71,-0.62377,2.564898622023759,2.376989306541799,224.0,178.33333333333334,-3.5890891689264626
2007-04-30,86.096,85.616,5.25,1.2,4.69,4.67,0.03,4.5,137847,87.1,63.98,320250,1490.0,1.7,-0.59617,2.3307779164438047,2.210973687980511,63.0,125.0,-7.86290322580645
2007-05-31,86.346,85.717,5.25,1.2,4.75,4.77,-0.02,4.4,137992,88.3,63.45,304250,1415.0,1.64,-0.5662,2.352983013477794,2.075642460761662,145.0,144.0,-10.431959345002827
2007-06-30,86.529,85.859,5.25,2.5,5.1,4.98,0.12,4.6,138070,85.3,67.49,315200,1448.0,1.6,-0.53756,2.3176341212501006,1.9872662913073214,78.0,95.33333333333333,-4.8766737138830285
2007-07-31,86.661,85.988,5.26,2.5,5.0,4.82,0.19,4.7,138044,90.4,74.12,313250,1354.0,1.65,-0.40678,2.1247260128685497,2.0411069445103625,-26.0,65.66666666666667,-0.3897325628275716
2007-08-31,86.72,86.116,5.02,2.5,4.67,4.31,0.36,4.6,138013,83.4,72.36,320000,1330.0,1.98,0.03578,1.873715124816444,1.984841307437235,-31.0,7.0,-0.9309967141292508
2007-09-30,87.054,86.351,4.94,2.3,4.52,4.01,0.51,4.7,138099,83.4,79.91,313400,1183.0,2.07,0.15914,2.534687050952855,2.1023258013787016,86.0,9.666666666666666,25.250783699059554
2007-10-31,87.318,86.576,4.76,2.3,4.53,3.97,0.56,4.7,138175,80.9,85.8,328250,1264.0,1.95,-0.01045,3.08847488843238,2.183509194344113,76.0,43.666666666666664,45.69536423841058
2007-11-30,87.781,86.746,4.49,2.3,4.15,3.34,0.81,4.7,138290,76.1,94.77,336000,1197.0,2.25,0.27405,3.5996270550330056,2.33584220088241,115.0,92.33333333333333,60.40961408259986
2007-12-31,87.984,86.92,4.24,2.5,4.1,3.12,0.98,5.0,138395,75.5,91.69,348200,1037.0,2.55,0.54792,3.471634208298058,2.4033930254476976,105.0,98.66666666666667,47.98256939961265
2008-01-31,88.206,87.093,3.94,2.5,3.74,2.48,1.27,5.0,138391,78.4,92.97,338750,1084.0,2.8,0.42857,3.3874068170097082,2.1930442128977656,-4.0,72.0,70.55586130985141
2008-02-29,88.382,87.178,2.98,2.5,3.74,1.97,1.76,4.9,138329,70.8,95.39,346750,1103.0,3.08,0.60058,3.2729227281756534,2.072405395279131,-62.0,13.0,60.914304993252365
2008-03-31,88.635,87.349,2.61,-1.7,3.51,1.62,1.89,5.1,138259,69.5,105.45,363400,1005.0,3.38,0.93142,3.1911425710759778,2.169742905934924,-70.0,-45.333333333333336,74.47054930509597
2008-04-30,88.799,87.4,2.28,-1.7,3.68,2.05,1.63,5.0,138040,62.6,112.58,359500,1013.0,3.29,0.77343,3.13951867682587,2.0837226686600596,-219.0,-117.0,75.96123788683964
2008-05-31,89.18,87.559,1.98,-1.7,3.88,2.45,1.43,5.4,137851,59.8,125.4,366800,973.0,3.05,0.51358,3.282143932550441,2.148931950488242,-189.0,-159.33333333333334,97.63593380614657
2008-06-30,89.827,87.76,2.0,2.4,4.1,2.77,1.33,5.6,137700,56.4,133.88,383250,1046.0,2.97,0.63083,3.8114389395462744,2.2140952025996308,-151.0,-186.33333333333334,98.37012890798637
2008-07-31,90.245,87.918,2.01,2.4,4.01,2.57,1.43,5.8,137497,61.2,133.37,398000,923.0,3.15,0.73854,4.135655023597695,2.244499232451047,-203.0,-181.0,79.93793847814355
2008-08-31,90.172,88.026,2.0,2.4,3.89,2.42,1.47,6.1,137211,63.0,116.67,433000,844.0,3.26,0.71991,3.9806273062730657,2.217938594453983,-286.0,-213.33333333333334,61.235489220563856
2008-09-30,90.247,88.116,1.81,-2.1,3.69,2.08,1.61,6.1,136760,70.3,104.11,464000,820.0,3.62,1.38481,3.6678383532060543,2.0439832775532407,-451.0,-313.3333333333333,30.284069578275563
2008-10-31,89.651,87.991,0.97,-2.1,3.81,1.61,2.2,6.5,136291,57.6,76.61,475250,777.0,5.07,2.47307,2.6718431480336147,1.6344021437811884,-469.0,-402.0,-10.710955710955705
2008-11-30,88.593,87.952,0.39,-2.1,3.53,1.21,2.31,6.8,135541,55.3,57.31,519800,652.0,5.68,2.98231,0.9250293343662008,1.3902658335831042,-750.0,-556.6666666666666,-39.527276564313595
2008-12-31,88.098,87.909,0.16,-8.5,2.42,0.82,1.6,7.3,134847,60.1,41.12,564000,560.0,6.01,2.90392,0.12956901254774777,1.137827887712839,-694.0,-637.6666666666666,-55.15323372232523
2009-01-31,88.108,87.882,0.15,-8.5,2.52,0.81,1.71,7.8,134079,61.2,41.71,572000,490.0,5.62,2.3097,-0.11110355304627673,0.9059281457752144,-768.0,-737.3333333333334,-55.13606539744003
2009-02-28,88.266,87.952,0.22,-8.5,2.87,0.98,1.89,8.3,133318,56.3,39.09,644000,582.0,5.21,2.11084,-0.13124844425335125,0.8878386748950362,-761.0,-741.0,-59.020861725547746
2009-03-31,88.169,88.015,0.18,-4.5,2.82,0.93,1.89,8.7,132494,57.3,47.94,659250,505.0,5.6,2.04519,-0.5257516782309568,0.762458642915198,-824.0,-784.3333333333334,-54.537695590327175
2009-04-30,88.295,88.211,0.15,-4.5,2.93,0.93,2.0,9.0,131822,65.1,49.65,627750,478.0,5.46,1.58573,-0.5675739591662121,0.9279176201372863,-672.0,-752.3333333333334,-55.89802806892876
2009-05-31,88.387,88.279,0.18,-4.5,3.29,0.93,2.36,9.4,131466,68.7,59.03,612000,540.0,4.77,1.03512,-0.8892128279883504,0.8223026759099472,-356.0,-617.3333333333334,-52.92663476874003
2009-06-30,88.912,88.392,0.21,-0.7,3.72,1.18,2.54,9.5,131008,70.8,69.64,598250,585.0,3.78,0.77378,-1.018624689681269,0.7201458523245163,-458.0,-495.3333333333333,-47.98326859874514
2009-07-31,88.922,88.468,0.16,-0.7,3.56,1.02,2.54,9.5,130662,66.0,64.15,566500,594.0,3.53,0.55064,-1.4660091971854472,0.6255829295479742,-346.0,-386.6666666666667,-51.9007272999925
2009-08-31,89.18,88.599,0.16,-0.7,3.59,1.12,2.47,9.6,130472,65.7,71.04,559200,586.0,2.99,0.28956,-1.1001197711041022,0.6509440392611365,-190.0,-331.3333333333333,-39.1103111339676
2009-09-30,89.324,88.755,0.15,1.4,3.4,0.96,2.45,9.8,130246,73.5,69.41,547500,585.0,2.91,0.14911,-1.0227486786264395,0.7251804439602383,-226.0,-254.0,-33.33013159158582
2009-10-31,89.663,89.082,0.12,1.4,3.39,0.95,2.44,10.0,130061,70.6,75.72,525400,534.0,2.9,0.04707,0.013385238313023962,1.2398995351797337,-185.0,-200.33333333333334,-1.1617282339120183
2009-11-30,89.887,89.16,0.12,1.4,3.4,0.8,2.6,9.9,130057,67.4,77.99,494000,588.0,2.92,-0.00749,1.4606120122357291,1.373476441695476,-4.0,-138.33333333333334,36.08445297504797
2009-12-31,89.939,89.236,0.12,4.4,3.59,0.87,2.72,9.9,129808,72.5,74.47,485500,581.0,2.78,-0.10257,2.089718268292118,1.5095155217327072,-249.0,-146.0,81.10408560311284
2010-01-31,90.136,89.368,0.11,4.4,3.73,0.93,2.8,9.8,129802,74.4,78.33,479800,614.0,2.52,-0.19493,2.301720615608116,1.690903711795344,-6.0,-86.33333333333333,87.79669144090145
2010-02-28,90.134,89.446,0.13,4.4,3.69,0.86,2.83,9.8,129706,73.6,76.39,485750,604.0,2.65,-0.21322,2.1163301837627158,1.698653811169737,-96.0,-117.0,95.42082374008696
2010-03-31,90.261,89.579,0.16,1.9,3.73,0.96,2.77,9.9,129866,73.6,81.2,470250,636.0,2.54,-0.35103,2.3727160339801934,1.7769698346872698,160.0,19.333333333333332,69.37838965373385
2010-04-30,90.31,89.625,0.2,1.9,3.85,1.06,2.79,9.9,130120,72.2,84.29,469000,687.0,2.4,-0.42057,2.282122430488709,1.6029746856967897,254.0,106.0,69.7683786505539
2010-05-31,90.339,89.724,0.2,1.9,3.42,0.83,2.59,9.6,130642,73.6,73.74,459400,583.0,2.63,-0.16596,2.20846957131704,1.636855877388732,522.0,312.0,24.919532441131608
2010-06-30,90.301,89.767,0.18,3.9,3.2,0.72,2.48,9.4,130510,76.0,75.34,460500,536.0,3.03,-0.04557,1.5622188231059875,1.555570639876902,-132.0,214.66666666666666,8.184951177484212
2010-07-31,90.378,89.769,0.18,3.9,3.01,0.62,2.39,9.4,130415,67.8,76.32,459200,546.0,3.0,-0.18109,1.6373900721981194,1.4705882352941124,-95.0,98.33333333333333,18.97116134060792
2010-08-31,90.502,89.855,0.19,3.9,2.7,0.52,2.18,9.5,130415,68.9,76.6,475000,599.0,2.96,-0.26467,1.4823951558645243,1.4176232237384179,0.0,-75.66666666666667,7.826576576576549
2010-09-30,90.592,89.906,0.19,3.1,2.65,0.48,2.17,9.5,130341,68.2,75.24,453500,594.0,3.01,-0.30156,1.419551296404098,1.2968283476987308,-74.0,-56.333333333333336,8.399366085578453
2010-10-31,90.881,90.043,0.19,3.1,2.54,0.38,2.16,9.4,130620,67.7,81.89,446800,543.0,3.18,-0.39666,1.3584198610352205,1.0787813475225283,279.0,68.33333333333333,8.14844162704702
2010-11-30,91.062,90.16,0.19,3.1,2.76,0.45,2.31,9.8,130749,71.6,84.25,426250,545.0,3.16,-0.44484,1.3071968137772894,1.1215791834903621,129.0,111.33333333333333,8.02667008590845
2010-12-31,91.268,90.179,0.18,2.1,3.29,0.62,2.67,9.3,130830,74.5,89.15,420250,539.0,2.81,-0.48496,1.477668197333748,1.056748397507734,81.0,163.0,19.712635960789584
2011-01-31,91.542,90.372,0.17,2.1,3.39,0.61,2.78,9.1,130837,74.2,89.17,426800,630.0,2.7,-0.57033,1.5598650927487467,1.1234446334258408,7.0,72.33333333333333,13.838886761138781
2011-02-28,91.797,90.53,0.16,2.1,3.58,0.77,2.8,9.0,131057,77.5,88.58,401500,517.0,2.57,-0.58833,1.8450307320212023,1.2119043892404369,220.0,102.66666666666667,15.957586071475326
2011-03-31,92.166,90.667,0.14,-0.9,3.41,0.7,2.72,9.0,131283,67.5,102.86,406000,600.0,2.62,-0.54916,2.1105460830258993,1.2145703792183493,226.0,151.0,26.67487684729064
2011-04-30,92.557,90.875,0.1,-0.9,3.46,0.73,2.72,9.1,131597,69.8,109.53,420600,554.0,2.56,-0.58207,2.488096556306063,1.3947001394700065,314.0,253.33333333333334,29.944240123383548
2011-05-31,92.838,91.091,0.09,-0.9,3.17,0.56,2.61,9.0,131703,74.3,100.9,422500,561.0,2.61,-0.57924,2.7662471357885243,1.5235611430609364,106.0,215.33333333333334,36.832112828858165
2011-06-30,92.819,91.191,0.09,2.7,3.0,0.41,2.59,9.1,131931,71.5,96.26,418250,608.0,2.75,-0.5318,2.7884519551278464,1.5863290518787654,228.0,216.0,27.76745420759226
2011-07-31,92.977,91.326,0.07,2.7,3.0,0.41,2.6,9.0,131992,63.7,97.3,412600,623.0,2.76,-0.46508,2.875699838456258,1.7344517595160758,61.0,131.66666666666666,27.4895178197065
2011-08-31,93.196,91.508,0.1,2.7,2.3,0.23,2.07,9.0,132125,55.8,86.33,409500,585.0,3.06,-0.23057,2.9767297960266115,1.8396305158310478,133.0,140.66666666666666,12.702349869451712
2011-09-30,93.327,91.57,0.08,-0.1,1.98,0.21,1.76,9.0,132344,59.5,85.52,417750,650.0,3.29,-0.05569,3.0190303779583205,1.8508219696126815,219.0,137.66666666666666,13.662945241892622
2011-10-31,93.329,91.614,0.07,-0.1,2.15,0.28,1.87,8.8,132553,60.8,86.32,402400,610.0,3.22,-0.07896,2.693632332390705,1.744721966171725,209.0,187.0,5.409695933569414
2011-11-30,93.52,91.808,0.08,-0.1,2.01,0.25,1.76,8.6,132690,63.7,97.16,389250,711.0,3.13,-0.09062,2.6992598449408156,1.8278615794143915,137.0,188.33333333333334,15.323442136498521
2011-12-31,93.574,91.96,0.07,4.6,1.98,0.26,1.72,8.5,132888,69.9,98.56,377000,694.0,3.27,-0.10123,2.5266248849541872,1.9749609110768507,198.0,181.33333333333334,10.55524397083567
2012-01-31,93.894,92.235,0.08,4.6,1.97,0.24,1.73,8.3,133246,75.0,100.27,377750,723.0,3.26,-0.25892,2.569312446745764,2.0614792192271914,358.0,231.0,12.448132780082988
2012-02-29,94.104,92.364,0.1,4.6,1.97,0.28,1.69,8.3,133509,75.3,102.2,363250,704.0,3.17,-0.38575,2.5131540246413397,2.0258477852645562,263.0,273.0,15.375931361481143
2012-03-31,94.284,92.521,0.13,3.4,2.17,0.34,1.83,8.2,133748,76.2,106.16,366600,695.0,3.06,-0.43154,2.2980274721697835,2.044845423362407,239.0,286.6666666666667,3.2082442154384605
2012-04-30,94.408,92.661,0.14,3.4,2.05,0.29,1.76,8.2,133825,76.4,103.32,381750,753.0,3.14,-0.40647,1.9998487418563693,1.9653370013755112,77.0,193.0,-5.669679539852101
2012-05-31,94.302,92.755,0.16,3.4,1.8,0.29,1.52,8.2,133932,79.3,94.65,373500,708.0,3.27,-0.30698,1.5769404769598871,1.826744683887549,107.0,141.0,-6.1942517343904875
2012-06-30,94.254,92.85,0.16,1.8,1.62,0.29,1.33,8.2,134013,73.2,82.3,379200,757.0,3.4,-0.25122,1.5460196726963193,1.8192584794552102,81.0,88.33333333333333,-14.502389362144196
2012-07-31,94.288,92.946,0.16,1.8,1.53,0.25,1.28,8.2,134157,72.3,87.9,372500,740.0,3.34,-0.33465,1.4100261354958565,1.7738650548584145,144.0,110.66666666666667,-9.660842754367927
2012-08-31,94.605,93.005,0.13,1.8,1.68,0.27,1.41,8.1,134339,74.3,94.13,373250,754.0,3.23,-0.42677,1.51186746212284,1.6359225422913903,182.0,135.66666666666666,9.035097880227028
2012-09-30,94.893,93.119,0.14,0.6,1.72,0.26,1.47,7.8,134517,78.3,94.51,381800,847.0,3.12,-0.50664,1.6779710051753494,1.6916020530741482,178.0,168.0,10.51216089803555
2012-10-31,95.174,93.345,0.16,0.6,1.75,0.28,1.47,7.8,134669,82.6,89.49,368500,915.0,2.83,-0.54752,1.9768774978838444,1.889449210819305,152.0,170.66666666666666,3.6723818350324455
2012-11-30,95.109,93.445,0.16,0.6,1.65,0.27,1.39,7.7,134825,82.7,86.53,401250,833.0,2.86,-0.55087,1.6991017964071764,1.7830690135935745,156.0,162.0,-10.94071634417455
2012-12-31,95.094,93.514,0.16,0.5,1.72,0.26,1.46,7.9,135074,72.9,87.86,359000,976.0,2.91,-0.58331,1.6243828413875505,1.6898651587646807,249.0,185.66666666666666,-10.856331168831169
2013-01-31,95.275,93.703,0.14,0.5,1.91,0.27,1.65,8.0,135257,73.8,94.76,353000,888.0,2.82,-0.6318,1.4708075063369241,1.5915867078657886,183.0,196.0,-5.495163059738695
2013-02-28,95.614,93.805,0.15,0.5,1.98,0.27,1.72,7.7,135546,77.6,95.31,353000,962.0,2.87,-0.65026,1.6046076681118793,1.5601316530249987,289.0,240.33333333333334,-6.741682974559682
2013-03-31,95.488,93.891,0.14,4.0,1.96,0.26,1.7,7.5,135689,78.6,92.94,351800,1010.0,2.89,-0.65819,1.276992915022701,1.4807449119659477,143.0,205.0,-12.452901281085149
2013-04-30,95.391,93.937,0.15,4.0,1.76,0.23,1.53,7.6,135873,76.4,92.02,347250,835.0,2.83,-0.68859,1.0412253198881505,1.3770626261318197,184.0,205.33333333333334,-10.936895083236543
2013-05-31,95.461,94.047,0.11,4.0,1.93,0.25,1.68,7.5,136096,84.5,94.51,347750,930.0,2.8,-0.71082,1.2290301372187118,1.3929168238908884,223.0,183.33333333333334,-0.14791336502905095
2013-06-30,95.673,94.209,0.09,1.1,2.3,0.33,1.97,7.5,136279,84.1,95.77,344600,839.0,2.89,-0.64935,1.5055063976064709,1.4636510500807942,183.0,196.66666666666666,16.36695018226002
2013-07-31,95.792,94.329,0.09,1.1,2.58,0.34,2.24,7.3,136391,85.1,104.67,346000,880.0,2.74,-0.64596,1.5951128457492025,1.4879607514040272,112.0,172.66666666666666,19.078498293515356
2013-08-31,95.934,94.431,0.08,1.1,2.74,0.36,2.38,7.2,136646,82.1,106.57,333400,917.0,2.68,-0.67109,1.4047883304264985,1.5332509004892136,255.0,183.33333333333334,13.215765430787197
2013-09-30,95.976,94.543,0.08,3.5,2.81,0.4,2.41,7.2,136821,77.5,106.29,314000,850.0,2.66,-0.67029,1.1412854478201728,1.529226044094134,175.0,180.66666666666666,12.464289493175329
2013-10-31,96.103,94.703,0.09,3.5,2.62,0.34,2.28,7.2,137041,73.2,100.54,358500,925.0,2.69,-0.7077,0.9761069199571093,1.4548181477315403,220.0,216.66666666666666,12.34774835177117
2013-11-30,96.246,94.86,0.08,3.5,2.72,0.3,2.41,6.9,137317,75.1,93.86,328200,1100.0,2.66,-0.75737,1.1954704602088029,1.5142597249719225,276.0,223.66666666666666,8.471050502715816
2013-12-31,96.414,94.961,0.09,3.5,2.9,0.34,2.56,6.7,137372,82.5,97.63,346000,1002.0,2.48,-0.7783,1.3881001955959427,1.5473618923369736,55.0,183.66666666666666,11.119963578420201
2014-01-31,96.614,95.064,0.07,3.5,2.86,0.39,2.46,6.6,137561,81.2,94.62,326750,888.0,2.33,-0.77137,1.4054054054054133,1.4524615006989983,189.0,173.33333333333334,-0.1477416631490036
2014-02-28,96.66,95.109,0.07,3.5,2.71,0.33,2.38,6.7,137712,81.6,100.82,335250,944.0,2.39,-0.77138,1.0939820528374389,1.3901177975587542,151.0,131.66666666666666,5.781135242891611
2014-03-31,96.815,95.25,0.08,-1.4,2.72,0.4,2.32,6.7,137985,80.0,100.8,321000,970.0,2.34,-0.77981,1.38970341823057,1.447423075694143,273.0,204.33333333333334,8.457069076823753
2014-04-30,96.987,95.413,0.09,-1.4,2.71,0.42,2.29,6.2,138298,84.1,102.07,322750,1043.0,2.19,-0.77245,1.6731138157687786,1.5712658483877373,313.0,245.66666666666666,10.921538795913932
2014-05-31,97.147,95.574,0.09,-1.4,2.56,0.39,2.17,6.3,138513,81.9,102.18,313800,1007.0,2.2,-0.78021,1.7661662878033946,1.62365625697789,215.0,267.0,8.115543328748288
2014-06-30,97.253,95.682,0.1,5.3,2.6,0.45,2.15,6.1,138849,82.5,105.79,313500,911.0,2.2,-0.79099,1.6514586142380772,1.5635448842467259,336.0,288.0,10.462566565730413
2014-07-31,97.391,95.848,0.09,5.3,2.54,0.51,2.04,6.2,139072,81.8,103.59,301750,1085.0,2.19,-0.7571,1.6692416903290486,1.6103213221808854,223.0,258.0,-1.0318142734307756
2014-08-31,97.379,95.885,0.09,5.3,2.42,0.47,1.95,6.1,139269,82.5,96.54,302000,984.0,2.27,-0.72698,1.5062438759980923,1.5397485995065185,197.0,252.0,-9.411654311719985
2014-09-30,97.413,96.013,0.09,5.0,2.53,0.57,1.97,5.9,139563,84.6,93.21,295000,1023.0,2.27,-0.69796,1.4972493123280861,1.5548480585553692,294.0,238.0,-12.305955405024005
2014-10-31,97.384,96.096,0.09,5.0,2.3,0.45,1.86,5.7,139798,86.9,84.4,288750,1074.0,2.39,-0.64583,1.3329448612426242,1.4709143321753215,235.0,242.0,-16.053312114581264
2014-11-30,97.291,96.181,0.09,5.0,2.33,0.53,1.8,5.8,140089,88.8,75.79,291600,1001.0,2.46,-0.65407,1.0857594081832067,1.392578536791067,291.0,273.3333333333333,-19.252077562326864
2014-12-31,97.12,96.249,0.12,2.0,2.21,0.64,1.57,5.6,140364,93.6,59.29,284500,1073.0,2.53,-0.60512,0.7322588005891362,1.3563462895293865,275.0,267.0,-39.27071596845232
2015-01-31,96.654,96.214,0.11,2.0,1.88,0.55,1.33,5.7,140568,98.1,47.22,287600,1085.0,2.57,-0.52222,0.04140186722421113,1.2097113523521053,204.0,256.6666666666667,-50.09511731135067
2015-02-28,96.825,96.324,0.11,2.0,1.98,0.62,1.36,5.5,140827,95.4,50.58,301250,886.0,2.53,-0.51502,0.1707014276846719,1.2774816263445121,259.0,246.0,-49.8313826621702
2015-03-31,97.008,96.47,0.11,3.6,2.04,0.64,1.4,5.4,140923,93.0,47.82,284000,960.0,2.5,-0.53484,0.19934927438929329,1.2808398950131306,96.0,186.33333333333334,-52.5595238095238
2015-04-30,97.094,96.648,0.12,3.6,1.94,0.54,1.4,5.4,141196,95.9,54.45,286000,1190.0,2.54,-0.54301,0.11032406404982709,1.2943728841981805,273.0,209.33333333333334,-46.654256882531584
2015-05-31,97.327,96.766,0.12,3.6,2.2,0.61,1.59,5.6,141538,90.7,59.27,274000,1079.0,2.69,-0.54691,0.18528621573490334,1.2472011216439594,342.0,237.0,-41.99451947543551
2015-06-30,97.516,96.882,0.13,2.5,2.36,0.69,1.68,5.3,141709,96.1,59.82,273750,1205.0,2.77,-0.54376,0.27042867572208973,1.254154386404971,171.0,262.0,-43.454012666603646
2015-07-31,97.605,96.978,0.13,2.5,2.32,0.67,1.66,5.2,141991,93.1,50.9,277750,1146.0,2.88,-0.52094,0.2197328295222345,1.1789500041732737,282.0,265.0,-50.86398300994305
2015-08-31,97.612,97.056,0.14,2.5,2.17,0.7,1.47,5.1,142125,91.9,42.87,275200,1130.0,3.02,-0.44903,0.23927130079379744,1.2212546279397163,134.0,195.66666666666666,-55.59353635798634
2015-09-30,97.477,97.196,0.14,1.6,2.17,0.71,1.46,5.0,142275,87.2,45.48,269500,1224.0,3.17,-0.40139,0.06569964994405098,1.2321248164310905,150.0,188.66666666666666,-51.20695204377213
2015-10-31,97.477,97.228,0.12,1.6,2.07,0.64,1.43,5.0,142579,90.0,46.22,267000,1058.0,3.27,-0.44249,0.09549823379610967,1.1779886779886617,304.0,196.0,-45.236966824644554
2015-11-30,97.538,97.332,0.12,1.6,2.26,0.88,1.38,5.1,142808,91.3,42.44,268500,1172.0,3.2,-0.45956,0.2538775426298434,1.1967020513407034,229.0,227.66666666666666,-44.003166644676085
2015-12-31,97.456,97.396,0.24,0.7,2.24,0.98,1.26,5.0,143077,92.6,37.19,271000,1146.0,3.22,-0.39277,0.34596375617792496,1.191700692994213,269.0,267.3333333333333,-37.274413897790524
2016-01-31,97.496,97.567,0.34,0.7,2.09,0.9,1.19,4.8,143210,92.0,31.68,279600,1092.0,3.36,-0.31774,0.8711486332691809,1.4062402560957699,133.0,210.33333333333334,-32.90978398983482
2016-02-29,97.445,97.736,0.38,0.7,1.78,0.73,1.05,4.9,143406,91.7,30.32,266750,1225.0,3.56,-0.30174,0.640330493157748,1.4658859681907055,196.0,199.33333333333334,-40.055357848952156
2016-03-31,97.673,97.876,0.36,2.3,1.89,0.88,1.01,5.0,143662,91.0,37.55,263250,1111.0,3.24,-0.35227,0.6855104733630268,1.4574479112677619,256.0,195.0,-21.47636971978253
2016-04-30,97.993,98.117,0.37,2.3,1.81,0.77,1.04,5.1,143854,89.0,40.76,266000,1163.0,2.98,-0.38231,0.9259068531526138,1.5199486797450534,192.0,214.66666666666666,-25.1423324150597
2016-05-31,98.153,98.284,0.37,2.3,1.81,0.82,0.99,4.8,143900,94.7,46.71,274500,1148.0,2.87,-0.37942,0.8486853596638255,1.5687328193787042,46.0,164.66666666666666,-21.191159102412694
2016-06-30,98.325,98.386,0.38,1.3,1.64,0.73,0.91,4.9,144147,93.5,48.76,265250,1203.0,2.89,-0.35729,0.8296074490339977,1.5524039553270974,247.0,161.66666666666666,-18.488799732530925
2016-07-31,98.342,98.529,0.39,1.3,1.5,0.67,0.83,4.8,144520,90.0,44.65,259400,1239.0,2.72,-0.35052,0.7550842682239489,1.5993318072140106,373.0,222.0,-12.278978388998041
2016-08-31,98.479,98.703,0.4,1.3,1.56,0.74,0.82,4.9,144661,89.8,44.72,263500,1171.0,2.68,-0.35841,0.8882104659263312,1.6969584569733076,141.0,253.66666666666666,4.315372055050148
2016-09-30,98.666,98.834,0.4,2.9,1.63,0.77,0.86,5.0,144967,91.2,45.18,251500,1068.0,2.68,-0.33924,1.2197749212634612,1.6852545372237682,306.0,273.3333333333333,-0.659630606860151
2016-10-31,98.868,98.961,0.4,2.9,1.76,0.84,0.92,4.9,145065,87.2,49.78,255800,1313.0,2.62,-0.36103,1.4270032930845167,1.7824083597317797,98.0,181.66666666666666,7.7022933794894
2016-11-30,98.901,99.005,0.41,2.9,2.14,0.98,1.16,4.7,145183,93.8,45.66,245750,1140.0,2.57,-0.41068,1.3974040886628902,1.7188591624542893,118.0,174.0,7.587181903864271
2016-12-31,99.071,99.12,0.54,2.2,2.49,1.2,1.3,4.7,145408,98.2,51.97,252200,1252.0,2.34,-0.45375,1.6571581021178838,1.770093227647962,225.0,147.0,39.74186609303576
2017-01-31,99.451,99.385,0.65,2.2,2.43,1.21,1.23,4.7,145628,98.5,52.5,244000,1190.0,2.23,-0.48016,2.0052104701731244,1.863334939067518,220.0,187.66666666666666,65.71969696969697
2017-02-28,99.586,99.561,0.66,2.2,2.42,1.2,1.22,4.6,145846,96.3,53.47,230250,1271.0,2.22,-0.48918,2.1971368464261953,1.867275108455435,218.0,221.0,76.35224274406332
2017-03-31,99.535,99.519,0.79,2.0,2.48,1.31,1.17,4.4,145970,96.9,49.33,233750,1190.0,2.2,-0.48182,1.9063610209576698,1.6786546242183897,124.0,187.33333333333334,31.371504660452732
2017-04-30,99.725,99.723,0.9,2.0,2.3,1.24,1.06,4.4,146175,97.0,51.06,227800,1146.0,2.27,-0.4946,1.76747318686028,1.6368213459441172,205.0,182.33333333333334,25.26987242394505
2017-05-31,99.682,99.803,0.91,2.0,2.3,1.3,1.0,4.4,146380,97.1,48.48,239000,1157.0,2.25,-0.53189,1.557772049759043,1.545521142810613,205.0,178.0,3.789338471419379
2017-06-30,99.766,99.937,1.04,2.3,2.19,1.34,0.84,4.3,146583,95.0,45.18,248000,1249.0,2.18,-0.56197,1.4655479277905004,1.5764438029800987,203.0,204.33333333333334,-7.342083675143563
2017-07-31,99.803,100.01,1.15,2.3,2.32,1.37,0.95,4.3,146772,93.4,46.63,250800,1206.0,2.07,-0.5759,1.4856317748266346,1.5031107592688553,189.0,199.0,4.434490481522957
2017-08-31,100.027,100.118,1.16,2.3,2.21,1.34,0.87,4.4,146919,96.8,48.04,247750,1159.0,2.1,-0.5668,1.5719087318108338,1.433593710424197,147.0,179.66666666666666,7.423971377459759
2017-09-30,100.4,100.24,1.15,3.2,2.2,1.38,0.82,4.3,147008,95.1,49.82,272400,1181.0,2.1,-0.56191,1.757444307056133,1.4225873687192525,89.0,141.66666666666666,10.27003098716246
2017-10-31,100.531,100.486,1.15,3.2,2.36,1.55,0.81,4.2,147149,100.7,51.58,242250,1257.0,1.96,-0.58695,1.6820407007323013,1.5410111053849596,141.0,125.66666666666667,3.615910004017664
2017-11-30,100.675,100.535,1.16,3.2,2.35,1.7,0.66,4.2,147372,98.5,56.64,247750,1273.0,1.92,-0.60279,1.7937129048240186,1.5453764961365524,223.0,151.0,24.047306176084106
2017-12-31,100.821,100.683,1.3,4.6,2.4,1.84,0.56,4.1,147523,95.9,57.88,242600,1177.0,1.82,-0.61055,1.7664099484208329,1.5768765133171936,151.0,171.66666666666666,11.37194535308832
2018-01-31,101.199,101.007,1.41,4.6,2.58,2.03,0.55,4.0,147660,95.7,63.7,235250,1299.0,1.68,-0.61629,1.7576494957315614,1.6320370277204788,137.0,170.33333333333334,21.333333333333336
2018-02-28,101.416,101.198,1.42,4.6,2.86,2.18,0.68,4.1,148054,99.7,62.23,221000,1277.0,1.65,-0.56898,1.8376076958608545,1.6442181175359671,394.0,227.33333333333334,16.38301851505517
2018-03-31,101.524,101.419,1.51,3.3,2.84,2.28,0.57,4.0,148280,101.4,62.72,225800,1318.0,1.8,-0.51095,1.998292058070028,1.909183171052753,226.0,252.33333333333334,27.143725927427532
2018-04-30,101.766,101.602,1.69,3.3,2.87,2.38,0.48,4.0,148420,98.8,66.25,221500,1276.0,1.8,-0.52006,2.0466282276259795,1.8842192874261698,140.0,253.33333333333334,29.749314531923222
2018-05-31,101.941,101.78,1.7,3.3,2.98,2.51,0.47,3.8,148742,98.0,69.98,221250,1357.0,1.85,-0.56104,2.2662065367869744,1.9809023776840462,322.0,229.33333333333334,44.34818481848186
2018-06-30,102.029,101.872,1.82,2.1,2.91,2.53,0.38,4.0,148960,98.2,67.87,222600,1192.0,1.92,-0.54894,2.268307840346395,1.9362198184856405,218.0,226.66666666666666,50.22133687472334
2018-07-31,102.137,102.006,1.91,2.1,2.89,2.61,0.28,3.8,149020,97.9,70.98,209500,1208.0,1.9,-0.55061,2.3386070559001215,1.9958004199579937,60.0,200.0,52.21960111516191
2018-08-31,102.208,102.016,1.91,2.1,2.89,2.64,0.25,3.8,149277,96.2,68.06,208500,1288.0,1.88,-0.58665,2.180411288951989,1.8957629996604108,257.0,178.33333333333334,41.67360532889259
2018-09-30,102.418,102.205,1.95,2.5,3.0,2.77,0.24,3.7,149358,100.1,70.23,205200,1250.0,1.88,-0.59796,2.009960159362545,1.9602952913008842,81.0,132.66666666666666,40.96748293857888
2018-10-31,102.595,102.366,2.19,2.5,3.15,2.86,0.29,3.8,149527,98.6,70.75,213000,1221.0,1.92,-0.57015,2.053098049357893,1.8709073900841755,169.0,169.0,37.165568049631645
2018-11-30,102.63,102.556,2.2,2.5,3.12,2.86,0.26,3.8,149617,97.5,56.96,225250,1181.0,2.1,-0.50012,1.9418922274646144,2.0102451882429095,90.0,113.33333333333333,0.5649717514124353
2018-12-31,102.701,102.735,2.27,0.6,2.83,2.68,0.16,3.9,149809,98.3,49.52,224600,1095.0,2.3,-0.42945,1.8646908878110713,2.0380799141860972,192.0,150.33333333333334,-14.443676572218378
2019-01-31,102.648,102.87,2.4,0.6,2.71,2.54,0.17,4.0,150060,91.2,51.38,222750,1226.0,2.41,-0.47138,1.4318323303589953,1.844426623897344,251.0,177.66666666666666,-19.34065934065934
2019-02-28,102.836,102.963,2.4,0.6,2.68,2.5,0.17,3.8,150067,93.8,54.95,222500,1121.0,2.27,-0.55771,1.4001735426362627,1.7441056147354805,7.0,150.0,-11.698537682789645
2019-03-31,103.069,103.058,2.41,2.5,2.57,2.41,0.16,3.8,150295,98.4,58.15,211800,1191.0,2.27,-0.59939,1.5218076513927814,1.61606799514884,228.0,162.0,-7.286352040816324
2019-04-30,103.36,103.265,2.42,2.5,2.53,2.34,0.19,3.7,150591,97.2,63.86,209750,1272.0,2.17,-0.61377,1.5663384627478738,1.6367788035668518,296.0,177.0,-3.6075471698113204
2019-05-31,103.435,103.371,2.39,2.5,2.4,2.21,0.19,3.6,150618,100.0,60.83,218500,1293.0,2.23,-0.5964,1.4655536045359518,1.563175476517964,27.0,183.66666666666666,-13.075164332666489
2019-06-30,103.484,103.56,2.38,3.4,2.07,1.81,0.26,3.6,150838,98.2,54.66,225200,1243.0,2.39,-0.57416,1.4260651383430245,1.6569813098790576,220.0,181.0,-19.463680565787545
2019-07-31,103.622,103.678,2.4,3.4,2.06,1.84,0.22,3.7,150937,98.4,57.36,208500,1240.0,2.22,-0.57975,1.4539295260287632,1.6391192674940713,99.0,115.33333333333333,-19.188503803888423
2019-08-31,103.67,103.797,2.13,3.4,1.63,1.57,0.06,3.6,151169,89.8,54.81,211000,1375.0,2.24,-0.54825,1.4304164057608038,1.745804579673771,232.0,183.66666666666666,-19.46811636791067
2019-09-30,103.733,103.873,2.04,4.8,1.7,1.65,0.05,3.5,151365,93.2,56.95,209500,1311.0,2.21,-0.51467,1.2839539924622612,1.6320140893302693,196.0,175.66666666666666,-18.909298020788835
2019-10-31,103.917,104.028,1.83,4.8,1.71,1.55,0.16,3.6,151460,95.5,53.96,212250,1325.0,2.21,-0.53117,1.2885618207514993,1.6235859562745425,95.0,174.33333333333334,-23.731448763250885
2019-11-30,104.024,104.092,1.55,4.8,1.81,1.61,0.2,3.6,151667,96.8,57.05,224400,1353.0,2.13,-0.5712,1.3582773068303577,1.4977183197472543,207.0,166.0,0.1580056179775191
2019-12-31,104.307,104.322,1.55,2.8,1.86,1.61,0.25,3.6,151794,99.3,59.82,236000,1548.0,2.02,-0.55509,1.5637627676458932,1.544751058548699,127.0,143.0,20.79967689822293
2020-01-31,104.49,104.507,1.55,2.8,1.76,1.52,0.24,3.6,152031,99.8,57.52,215500,1581.0,2.01,-0.60172,1.7944821136310463,1.5913288616700605,237.0,190.33333333333334,11.950175165434018
2020-02-29,104.573,104.711,1.58,2.8,1.5,1.33,0.17,3.5,152293,101.0,50.54,210200,1549.0,2.11,-0.46577,1.689097203314005,1.6976972310441596,262.0,208.66666666666666,-8.02547770700638
2020-03-31,104.271,104.632,0.65,-5.2,0.87,0.45,0.42,4.4,150895,89.1,29.21,2335250,1266.0,3.42,0.08712,1.1662090444265472,1.5272953094374042,-1398.0,-299.6666666666667,-49.76784178847807
2020-04-30,103.838,104.293,0.05,-5.2,0.66,0.22,0.43,14.8,130426,71.8,16.55,4663250,936.0,3.47,0.25222,0.4624613003096023,0.9954970222243897,-20469.0,-7201.666666666667,-74.0839336047604
2020-05-31,103.942,104.402,0.05,-5.2,0.67,0.17,0.5,13.2,133040,72.3,28.56,2173400,1039.0,3.28,-0.11394,0.49016290423937736,0.9973783749794407,2614.0,-6417.666666666667,-53.04948216340621
2020-06-30,104.27,104.565,0.08,-28.0,0.73,0.19,0.54,11.0,137671,78.1,38.31,1490250,1266.0,2.91,-0.35356,0.7595377063120967,0.9704519119350996,4631.0,-4408.0,-29.912184412733257
2020-07-31,104.578,104.937,0.09,-28.0,0.62,0.15,0.48,10.2,139255,72.5,40.71,1383500,1526.0,2.69,-0.44019,0.9225840072571545,1.2143366963097257,1584.0,2943.0,-29.027196652719667
2020-08-31,104.87,105.243,0.1,-28.0,0.65,0.14,0.51,8.4,140821,74.1,42.34,922400,1396.0,2.62,-0.50176,1.157519050834388,1.3931038469319867,1566.0,2593.6666666666665,-22.751322751322746
2020-09-30,105.057,105.41,0.09,34.9,0.68,0.13,0.54,7.8,141770,80.4,39.63,851750,1473.0,2.68,-0.50015,1.27635371578958,1.4796915464076354,949.0,1366.3333333333333,-30.412642669007905
2020-10-31,105.151,105.507,0.09,34.9,0.79,0.15,0.64,6.9,142460,81.8,39.4,795400,1543.0,2.65,-0.49544,1.1874861668446979,1.4217326104510208,690.0,1068.3333333333333,-26.982950333580437
2020-11-30,105.258,105.605,0.09,34.9,0.87,0.17,0.7,6.7,142733,76.9,40.94,751250,1543.0,2.43,-0.5446,1.186264708144269,1.453521884486797,273.0,637.3333333333334,-28.23838737949167
2020-12-31,105.699,105.896,0.09,4.6,0.93,0.14,0.8,6.7,142548,80.7,47.03,836750,1614.0,2.23,-0.59345,1.334522131784066,1.508790092214496,-185.0,259.3333333333333,-21.380809093948507
2021-01-31,106.147,106.281,0.09,4.6,1.08,0.13,0.95,6.4,142863,79.0,52.01,827800,1630.0,2.16,-0.61584,1.5857976839888988,1.6974939477738316,315.0,134.33333333333334,-9.579276773296252
2021-02-28,106.5,106.501,0.08,4.6,1.26,0.12,1.14,6.2,143380,76.8,59.05,755000,1404.0,2.16,-0.62438,1.8427318715156016,1.7094670091967412,517.0,215.66666666666666,16.838148001582898
2021-03-31,107.054,106.933,0.07,5.7,1.61,0.15,1.46,6.1,144232,84.9,62.33,669250,1696.0,2.13,-0.63976,2.669006722866385,2.1991360195733556,852.0,561.3333333333334,113.38582677165351
2021-04-30,107.618,107.558,0.07,5.7,1.64,0.16,1.47,6.1,144587,88.3,61.72,589000,1495.0,1.97,-0.66962,3.6402858298503427,3.1306032044336574,355.0,574.6666666666666,272.93051359516613
2021-05-31,108.175,108.099,0.06,5.7,1.62,0.16,1.47,5.8,145065,82.9,65.17,469200,1589.0,2.0,-0.69005,4.07246348925363,3.5411199019175887,478.0,561.6666666666666,128.18627450980395
2021-06-30,108.76,108.603,0.08,7.0,1.52,0.2,1.32,5.9,145820,85.5,71.38,409500,1650.0,1.92,-0.69124,4.306128320705871,3.8617128102137466,755.0,529.3333333333334,86.32210910989295
2021-07-31,109.256,109.058,0.1,7.0,1.32,0.22,1.1,5.4,146762,81.2,72.49,370000,1597.0,1.92,-0.66789,4.473216164011551,3.92711817566731,942.0,725.0,78.06435765168263
2021-08-31,109.674,109.409,0.09,7.0,1.28,0.22,1.07,5.1,147314,70.3,67.73,359750,1594.0,1.96,-0.64833,4.580909697720981,3.9584580447155737,552.0,749.6666666666666,59.96693434104865
2021-09-30,110.034,109.641,0.08,3.3,1.37,0.24,1.13,4.7,147771,72.8,71.65,354750,1577.0,1.86,-0.65127,4.737428253233955,4.013850678303776,457.0,650.3333333333334,80.79737572546051
2021-10-31,110.762,110.188,0.08,3.3,1.58,0.39,1.19,4.5,148572,71.7,81.48,284400,1579.0,1.77,-0.64231,5.336135652537788,4.436672448273571,801.0,603.3333333333334,106.80203045685279
2021-11-30,111.5,110.77,0.08,3.3,1.56,0.51,1.05,4.1,149230,67.4,79.15,236500,1705.0,1.72,-0.57704,5.93019057933839,4.8908669097107005,658.0,638.6666666666666,93.33170493404985
2021-12-31,112.191,111.418,0.08,7.0,1.47,0.68,0.79,3.9,149816,70.6,71.71,216250,1722.0,1.84,-0.54465,6.141969176624196,5.2145501246505965,586.0,681.6666666666666,52.477142249627875
2022-01-31,112.805,111.976,0.08,7.0,1.76,0.98,0.78,4.0,150006,67.2,83.22,239200,1702.0,1.82,-0.55555,6.272433512016362,5.35843659732218,190.0,478.0,60.0076908286868
2022-02-28,113.471,112.468,0.08,7.0,1.93,1.44,0.5,3.9,150825,62.8,91.64,219000,1735.0,2.04,-0.48169,6.545539906103293,5.602764293293028,819.0,531.6666666666666,55.19051651143101
2022-03-31,114.469,112.914,0.2,-1.0,2.13,1.91,0.22,3.7,151315,59.4,108.5,215000,1712.0,2.16,-0.38814,6.926410970164576,5.593221924008485,490.0,499.6666666666667,74.07347986523345
2022-04-30,114.812,113.307,0.33,-1.0,2.75,2.54,0.21,3.7,151623,65.2,101.78,213000,1820.0,1.91,-0.35719,6.684755338326309,5.345023150300299,308.0,539.0,64.90602721970188
2022-05-31,115.525,113.703,0.77,-1.0,2.9,2.62,0.28,3.6,151924,58.4,109.55,209750,1531.0,2.22,-0.28946,6.794545874740021,5.184136763522318,301.0,366.3333333333333,68.09881847475832
2022-06-30,116.638,114.376,1.21,0.6,3.14,3.0,0.15,3.6,152358,50.0,114.84,212500,1551.0,2.13,-0.20201,7.243471864656126,5.31569109508947,434.0,347.6666666666667,60.885402073409935
2022-07-31,116.631,114.628,1.68,0.6,2.9,3.04,-0.14,3.5,153072,51.5,101.62,218200,1381.0,2.31,-0.18797,6.7502013619389345,5.107374057840786,714.0,483.0,40.18485308318391
2022-08-31,116.956,115.276,2.33,0.6,2.9,3.25,-0.35,3.6,153362,58.2,93.67,216500,1531.0,2.25,-0.2343,6.6396775899483895,5.362447330658338,290.0,479.3333333333333,38.29912889413849
2022-09-30,117.371,115.788,2.56,2.9,3.52,3.86,-0.34,3.5,153582,58.6,84.26,197500,1488.0,2.17,-0.15391,6.667939000672507,5.606479327988612,220.0,408.0,17.599441730635036
2022-10-31,117.919,116.204,3.08,2.9,3.98,4.38,-0.39,3.6,153939,59.9,87.55,202600,1435.0,2.28,-0.1105,6.461602354598139,5.459759683450094,357.0,289.0,7.4496809032891464
2022-11-30,118.224,116.539,3.78,2.9,3.89,4.5,-0.61,3.6,154242,56.7,84.37,210750,1424.0,2.18,-0.16613,6.030493273542614,5.20808883271644,303.0,293.3333333333333,6.595072646873024
2022-12-31,118.384,116.952,4.1,2.8,3.62,4.29,-0.67,3.5,154342,59.8,76.44,208200,1308.0,1.97,-0.20148,5.520050627946982,4.9668814733705435,100.0,253.33333333333334,6.596011713847449
2023-01-31,119.018,117.505,4.33,2.8,3.53,4.21,-0.68,3.5,154776,64.9,78.12,204500,1361.0,1.97,-0.28032,5.507734586232882,4.937665213974429,434.0,279.0,-6.12833453496755
2023-02-28,119.369,117.929,4.57,2.8,3.75,4.53,-0.79,3.6,155066,66.9,76.83,214750,1399.0,1.84,-0.30004,5.197803844154003,4.855603371625716,290.0,274.6666666666667,-16.161065037101707
2023-03-31,119.538,118.315,4.65,2.9,3.66,4.3,-0.64,3.5,155134,62.0,73.28,229000,1377.0,2.05,-0.18858,4.428273156924578,4.783286394955444,68.0,264.0,-32.46082949308756
2023-04-30,119.951,118.734,4.83,2.9,3.46,4.02,-0.56,3.4,155375,63.7,79.45,216400,1354.0,2.07,-0.17604,4.476012960317743,4.789642299240104,241.0,199.66666666666666,-21.939477303988998
2023-05-31,120.15,119.083,5.06,2.9,3.57,4.13,-0.56,3.6,155655,59.0,71.58,226000,1584.0,2.2,-0.20968,4.003462454014284,4.731625374880166,280.0,196.33333333333334,-34.659972615244186
2023-06-30,120.469,119.39,5.08,2.5,3.75,4.64,-0.89,3.6,155880,64.2,70.25,250750,1421.0,2.0,-0.22166,3.284521339529123,4.383786808421353,225.0,248.66666666666666,-38.82793451758969
2023-07-31,120.607,119.556,5.12,2.5,3.9,4.83,-0.93,3.5,156043,71.5,76.07,235200,1460.0,1.84,-0.25986,3.40904219289897,4.299124123250864,163.0,222.66666666666666,-25.142688447156083
2023-08-31,120.97,119.689,5.33,2.5,4.17,4.9,-0.73,3.7,156261,69.4,81.39,245000,1317.0,1.85,-0.3203,3.43205991996991,3.8282036156702226,218.0,202.0,-13.109853741859723
2023-09-30,121.419,120.058,5.33,4.7,4.38,5.02,-0.64,3.7,156417,67.8,89.43,218600,1371.0,1.78,-0.33332,3.4488928270185903,3.687774208035388,156.0,179.0,6.135770234986948
2023-10-31,121.484,120.241,5.33,4.7,4.8,5.07,-0.27,3.9,156576,63.8,85.64,210250,1368.0,1.83,-0.2946,3.0232617305099296,3.4740628549791763,159.0,177.66666666666666,-2.1816105082809734
2023-11-30,121.493,120.374,5.33,4.7,4.5,4.88,-0.38,3.7,156703,61.3,77.69,218000,1514.0,1.79,-0.30775,2.7650899986466193,3.2907438711504255,127.0,147.33333333333334,-7.917506222590975
2023-12-31,121.66,120.592,5.33,3.4,4.02,4.46,-0.44,3.8,156857,69.7,71.9,207800,1521.0,1.62,-0.35162,2.7672658467360334,3.1123879882344996,154.0,146.66666666666666,-5.939298796441639
2024-01-31,122.23,121.217,5.33,3.4,4.06,4.32,-0.26,3.7,157032,79.0,74.15,211500,1381.0,1.62,-0.3888,2.6987514493606035,3.159014510020852,175.0,152.0,-5.081925243215569
2024-02-29,122.598,121.537,5.33,3.4,4.21,4.54,-0.34,3.9,157238,76.9,77.25,210000,1552.0,1.56,-0.41694,2.705057426970159,3.059467984974007,206.0,178.33333333333334,0.5466614603670372
2024-03-31,123.038,122.009,5.33,0.8,4.21,4.59,-0.38,3.9,157466,79.4,81.28,215200,1312.0,1.54,-0.43702,2.9279392327126175,3.122173857921662,228.0,203.0,10.917030567685583
2024-04-30,123.341,122.304,5.33,0.8,4.54,4.87,-0.33,3.9,157530,77.2,85.35,210250,1385.0,1.46,-0.42049,2.826154012888593,3.006720905553606,64.0,166.0,7.426054122089343
2024-05-31,123.348,122.383,5.33,0.8,4.48,4.86,-0.37,3.9,157608,69.1,80.02,222000,1316.0,1.47,-0.41448,2.6616729088639213,2.7711764063720334,78.0,123.33333333333333,11.79100307348422
2024-06-30,123.539,122.677,5.33,3.6,4.31,4.74,-0.43,4.1,157695,68.2,79.77,234800,1327.0,1.51,-0.39496,2.548373440470164,2.7531619063573265,87.0,76.33333333333333,13.551601423487547
2024-07-31,123.736,122.911,5.33,3.6,4.25,4.5,-0.25,4.2,157748,66.4,81.8,237250,1265.0,1.59,-0.37157,2.594376777467322,2.8062163337682744,53.0,72.66666666666667,7.53253582226896
2024-08-31,123.889,123.128,5.33,3.6,3.87,3.97,-0.09,4.2,157757,67.9,76.68,230600,1391.0,1.73,-0.37542,2.412994957427461,2.873279917118543,9.0,49.666666666666664,-5.786951713969768
2024-09-30,124.164,123.466,5.13,3.3,3.72,3.62,0.1,4.1,157912,70.1,70.24,224500,1357.0,1.7,-0.4186,2.260766436883843,2.838627996468368,155.0,72.33333333333333,-21.458123672145824
2024-10-31,124.494,123.832,4.83,3.3,4.1,3.97,0.12,4.1,157945,70.5,71.99,236250,1352.0,1.53,-0.43986,2.4776925356425616,2.9865021082658982,33.0,65.66666666666667,-15.938813638486693
2024-11-30,124.637,123.962,4.64,3.3,4.36,4.26,0.1,4.2,158079,71.8,69.95,219200,1295.0,1.42,-0.46604,2.5878034125423,2.980710120125618,134.0,107.33333333333333,-9.962672158578966
2024-12-31,124.979,124.196,4.48,1.9,4.39,4.23,0.17,4.1,158316,74.0,70.12,222750,1514.0,1.41,-0.48151,2.7280946901200087,2.9885896245190446,237.0,134.66666666666666,-2.475660639777466
2025-01-31,125.417,124.587,4.33,1.9,4.63,4.27,0.36,4.0,158268,71.7,75.74,215000,1358.0,1.45,-0.50108,2.6073795303935166,2.7801380994415092,-48.0,107.66666666666667,2.144302090357364
2025-02-28,125.921,125.145,4.33,1.9,4.45,4.21,0.24,4.2,158310,64.7,71.53,225000,1490.0,1.47,-0.49756,2.7104846734857135,2.9686432938117457,42.0,77.0,-7.404530744336569
2025-03-31,125.941,125.267,4.33,-0.6,4.28,3.97,0.31,4.2,158377,57.0,68.24,223000,1355.0,1.65,-0.43813,2.3594336708984365,2.670294814316976,67.0,20.333333333333332,-16.043307086614178
2025-04-30,126.15,125.502,4.33,-0.6,4.28,3.78,0.5,4.2,158485,52.2,63.54,225750,1398.0,1.9,-0.39071,2.2774259978433964,2.614795918367352,108.0,72.33333333333333,-25.553602811950782
2025-05-31,126.38,125.79,4.33,-0.6,4.42,3.92,0.5,4.3,158498,52.2,62.17,231800,1282.0,1.87,-0.43885,2.4580860654408676,2.783883382495933,13.0,62.666666666666664,-22.3069232691827
2025-06-30,126.743,126.121,4.33,3.8,4.38,3.89,0.49,4.1,158478,60.7,68.17,239000,1382.0,1.77,-0.48728,2.5935129797068024,2.8073722050588,-20.0,33.666666666666664,-14.541807697129238
2025-07-31,126.96,126.43,4.33,3.8,4.39,3.88,0.51,4.3,158542,61.7,68.39,221500,1420.0,1.71,-0.51287,2.605547294239341,2.86304724556794,64.0,19.0,-16.393643031784833
2025-08-31,127.293,126.714,4.33,3.8,4.26,3.7,0.56,4.3,158472,58.2,64.86,229600,1291.0,1.74,-0.52658,2.7476208541517,2.912416347215907,-70.0,-8.666666666666666,-15.414710485133032
2025-09-30,127.625,126.954,4.22,4.4,4.12,3.57,0.55,4.4,158548,55.1,63.96,234000,1328.0,1.71,-0.52856,2.7874424148706556,2.825069249833967,76.0,23.333333333333332,-8.940774487471515
2025-10-31,127.873,127.245,4.09,4.4,4.06,3.52,0.54,,158408,53.6,60.89,226750,1272.0,1.68,-0.51962,2.714187029093784,2.7561534982880165,-140.0,-44.666666666666664,-15.418808167801078
2025-11-30,128.155,127.473,3.88,4.4,4.09,3.55,0.54,4.5,158449,51.0,60.06,222400,1324.0,1.77,-0.50817,2.822596821168677,2.832319581807319,41.0,-7.666666666666667,-14.138670478913507
2025-12-31,128.615,127.929,3.72,0.7,4.14,3.5,0.64,4.4,158432,52.9,57.97,219250,1387.0,1.76,-0.52294,2.9092887605117745,3.00573287384458,-17.0,-38.666666666666664,-17.327438676554486
